"Season","Team","Inn","rSB","rGDP","rARM","rGFP","rPM","DRS","BIZ","Plays","RZR","OOZ","CPP","RPP","TZL","FSR","ARM","DPR","RngR","ErrR","UZR","UZR/150","Def"
"2009","Mariners","13074.0","12","3","0","-6","66","80","2297","1945",".847","526","51","-7.1","","5","-0.2","6.1","92.3","-12.2","86.0","11.8","96.9"
"2013","Royals","13035.0","2","5","15","15","50","95","2144","1805",".842","548","69","2.7","","50","17.4","4.3","55.8","2.4","79.9","14.3","87.6"
"2003","Mariners","12969.0","2","6","-1","0","31","41","2669","2053",".769","330","","","","","-0.4","4.5","60.5","11.5","76.1","10.8","83.1"
"2007","Royals","12936.0","-1","7","-2","0","38","43","2495","2105",".844","385","","","","","9.3","3.1","63.2","-3.3","72.3","11.4","75.3"
"2014","Royals","13056.0","4","-4","5","6","25","41","2286","1880",".822","541","81","1.7","","42","10.1","-5.0","54.5","1.5","61.1","9.0","74.8"
"2011","Diamondbacks","12990.0","5","1","-6","5","37","47","2160","1812",".839","554","54","0.9","","21","-4.0","-0.8","58.6","6.9","60.6","7.2","73.6"
"2012","Braves","13008.0","3","-1","2","11","48","68","2178","1821",".836","531","78","2.3","","5","8.7","2.6","44.8","6.5","62.5","10.3","71.8"
"2008","Rays","13119.0","0","3","2","-2","9","15","2267","1897",".837","450","49","-2.5","","","5.4","3.4","65.9","-2.1","72.6","11.4","71.1"
"2016","Cubs","13137.0","2","-1","-4","-5","99","82","1947","1661",".853","467","","","","","1.0","-2.1","68.4","5.6","73.0","9.1","69.0"
"2008","Phillies","13047.0","-4","-4","18","2","63","76","2237","1839",".822","477","58","6.5","","","21.3","0.3","42.2","2.7","66.5","13.6","65.0"
"2004","Devil Rays","12753.0","1","0","11","-6","-9","6","2665","1996",".749","361","","","","","11.0","-0.8","58.5","-11.6","57.1","9.5","63.1"
"2012","Angels","12900.0","-3","-1","2","23","28","50","2242","1883",".840","471","66","3.4","","34","4.3","1.4","58.5","-4.0","60.2","8.7","62.5"
"2009","Reds","13125.0","1","-3","13","3","9","34","2264","1906",".842","479","66","4.9","","20","14.0","1.4","29.1","3.7","48.2","8.7","61.1"
"2002","Twins","13002.0","0","0","0","0","0","0","0","0","","0","","","","","9.5","-3.0","45.2","8.7","60.4","9.8","60.4"
"2008","Athletics","12915.0","3","12","1","3","20","57","2289","1940",".848","436","47","3.6","","","0.8","9.9","31.1","-5.4","36.4","6.1","60.0"
"2008","Astros","12828.0","-2","4","2","4","4","17","2286","1938",".848","441","47","5.8","","","4.3","2.2","29.2","16.3","52.0","7.9","59.8"
"2011","Rays","13041.0","1","4","6","12","38","67","2106","1779",".845","545","54","0.4","","40","1.2","5.0","44.5","6.6","57.3","9.3","59.8"
"2006","Royals","12837.0","3","9","-3","0","21","30","2556","2136",".836","357","","","","","5.6","2.1","44.5","-1.7","50.6","7.6","58.6"
"2008","Red Sox","13017.0","0","0","-7","8","12","17","2313","1935",".837","366","64","2.0","","","-4.3","0.5","56.3","4.7","57.1","7.2","58.1"
"2005","Braves","12993.0","0","2","24","3","30","57","2769","2078",".751","388","","","","","27.0","2.7","20.0","9.3","59.0","12.5","58.0"
"2004","Dodgers","13080.0","-1","1","-1","2","60","72","2479","1878",".758","365","","","","","0.8","6.4","36.9","14.8","58.9","8.9","57.9"
"2015","Royals","13068.0","3","-7","3","7","47","56","2209","1869",".846","503","","","","39","4.3","-7.8","46.0","8.5","50.9","6.1","56.9"
"2010","Giants","13149.0","4","1","7","0","0","20","2103","1775",".844","411","69","-2.7","","1","7.2","-1.4","36.4","14.3","56.5","9.4","56.8"
"2003","Giants","12936.0","-4","4","7","0","18","32","2442","1896",".776","342","","","","","8.6","5.4","36.1","9.3","59.4","10.1","56.4"
"2014","Orioles","13152.0","0","11","9","12","30","57","2196","1815",".827","546","66","1.6","","40","13.9","7.9","33.3","-0.2","54.8","10.9","55.4"
"2010","Padres","13107.0","0","-3","-5","8","63","73","2192","1832",".836","441","47","1.8","","14","-4.1","-1.2","36.4","14.4","45.4","5.1","55.3"
"2016","Giants","13143.0","2","0","-3","1","40","50","2080","1729",".831","545","","","","","-5.1","0.9","41.7","10.3","47.7","5.3","53.7"
"2003","Dodgers","13119.0","12","2","-3","0","39","68","2216","1653",".746","345","","","","","-4.2","3.6","35.4","1.8","36.6","4.7","52.6"
"2003","Devil Rays","12930.0","5","2","8","0","-1","18","2703","2025",".749","346","","","","","4.7","-3.5","44.1","-3.9","41.4","5.8","52.4"
"2014","Reds","13014.0","0","-1","4","11","44","69","2165","1805",".834","421","72","1.1","","34","5.6","-0.9","31.1","10.5","46.3","7.1","52.4"
"2013","Diamondbacks","13455.0","-1","-2","11","-5","69","76","2190","1833",".837","559","68","-5.4","","44","10.3","-1.4","25.8","16.3","51.1","8.1","49.7"
"2007","Cubs","13020.0","-10","2","12","8","18","16","2267","1906",".841","326","","","","","14.6","5.3","44.4","2.9","67.1","13.6","49.1"
"2005","Phillies","12915.0","-3","0","19","2","89","97","2488","1848",".743","395","","","","","10.9","-1.1","43.3","1.6","54.7","10.0","48.7"
"2013","Orioles","13077.0","3","7","5","6","13","24","2138","1807",".845","499","47","2.8","","45","7.2","4.1","18.5","10.0","39.9","7.4","48.6"
"2006","Tigers","13032.0","4","10","8","-2","18","54","2478","2081",".840","348","","","","","5.9","3.0","28.6","-2.5","35.0","6.3","48.0"
"2009","Giants","13014.0","1","-3","5","-11","35","17","2080","1761",".847","440","55","-6.8","","-26","-1.6","-6.9","65.7","-0.8","56.3","7.0","47.5"
"2004","Mariners","13134.0","0","2","6","9","5","28","2610","1959",".751","324","","","","","8.7","-0.4","37.4","-2.5","43.2","7.2","47.2"
"2014","Red Sox","13191.0","2","-8","10","5","33","35","2247","1838",".818","514","70","-2.5","","-2","9.4","-4.1","34.4","8.8","48.5","7.6","47.0"
"2016","Royals","12960.0","4","-3","8","5","7","29","2172","1760",".810","510","","","","","3.7","-1.1","22.5","10.4","35.5","4.5","46.5"
"2003","Astros","13050.0","4","-2","24","0","35","71","2400","1808",".753","361","","","","","20.7","-2.5","19.8","-0.7","37.2","9.3","46.2"
"2006","Mariners","13020.0","1","4","7","-1","50","54","2377","1979",".833","395","","","","","12.6","5.5","23.9","0.1","42.0","8.3","46.0"
"2002","Cardinals","13017.0","0","0","0","0","0","0","0","0","","0","","","","","11.5","8.4","19.6","6.2","45.7","8.9","45.7"
"2016","Angels","12792.0","3","-1","4","13","10","31","2129","1690",".794","562","","","","","5.9","1.2","37.1","-7.7","36.5","6.7","45.5"
"2003","Angels","12882.0","3","2","1","0","16","22","2599","1943",".748","310","","","","","7.7","0.3","33.0","-1.7","39.3","6.6","45.3"
"2009","Rays","12846.0","-2","-5","11","7","36","41","2195","1821",".830","564","48","-1.4","","44","8.5","-6.2","54.3","-7.2","49.3","8.0","44.9"
"2011","Reds","13209.0","-2","-4","1","-5","52","55","2295","1955",".852","479","66","2.0","","32","3.0","-3.9","29.0","10.4","38.5","5.2","44.5"
"2010","Reds","13077.0","0","0","-1","13","21","38","2307","1940",".841","423","69","5.1","","44","-2.6","2.0","19.1","19.4","37.9","4.7","43.9"
"2013","Cubs","13032.0","5","0","-2","-2","20","21","2117","1800",".850","517","69","1.1","","-13","-0.3","1.7","38.2","-2.3","37.3","5.6","43.3"
"2011","Angels","13185.0","-1","6","7","13","-2","21","2280","1950",".855","518","76","3.0","","17","3.8","6.7","23.6","7.8","41.8","6.6","42.9"
"2005","Nationals","13122.0","4","2","4","-10","-8","-6","2701","2017",".747","349","","","","","7.2","4.3","22.0","4.2","37.7","6.6","42.7"
"2005","Twins","13179.0","3","10","2","-1","19","45","2729","2068",".758","380","","","","","-0.2","4.0","28.2","-0.1","31.9","4.6","41.9"
"2016","Indians","13005.0","3","-5","8","-3","7","17","2063","1711",".829","534","","","","","4.5","-1.1","35.1","-2.9","35.6","5.5","41.6"
"2004","Blue Jays","12789.0","6","-3","11","-3","25","37","2691","1977",".735","344","","","","","8.3","0.1","17.9","10.0","36.3","6.2","41.3"
"2007","Braves","13107.0","-2","2","16","4","44","59","2364","1940",".821","460","","","","","21.9","-1.4","27.2","-2.3","45.5","10.2","40.5"
"2010","Diamondbacks","12888.0","-4","3","2","-4","15","7","2327","1932",".830","437","70","-7.0","","3","-0.6","3.5","52.1","-1.3","53.7","7.2","39.7"
"2004","White Sox","12891.0","1","2","7","2","16","32","2668","1966",".737","318","","","","","4.8","-0.4","23.0","7.0","34.4","5.7","39.4"
"2007","Tigers","13026.0","1","4","1","-3","33","42","2505","2083",".832","382","","","","","5.0","-2.1","28.2","1.5","32.6","4.8","38.6"
"2007","Phillies","13125.0","4","0","26","-3","16","47","2455","1989",".810","409","","","","","11.5","-0.6","20.5","1.2","32.6","6.1","38.6"
"2002","Dodgers","13119.0","0","0","0","0","0","0","0","0","","0","","","","","-4.8","7.1","27.6","8.3","38.2","5.6","38.2"
"2013","Rangers","13170.0","1","3","8","0","24","40","2127","1775",".835","506","67","-0.4","","26","10.9","0.1","28.3","-4.4","35.0","6.8","37.6"
"2005","Angels","13179.0","6","3","0","-2","23","31","2640","1975",".748","404","","","","","0.6","-1.9","21.7","6.6","27.0","3.6","37.0"
"2013","Giants","13026.0","0","-3","1","-8","19","7","2079","1741",".837","502","61","-0.4","","24","4.1","-0.8","38.2","-4.5","37.0","5.7","36.6"
"2011","Rangers","12972.0","2","7","-5","-5","7","1","2074","1752",".845","510","55","0.1","","48","-3.4","7.4","36.9","-10.6","30.3","4.2","36.4"
"2008","Cardinals","13086.0","6","3","3","3","47","69","2428","2058",".848","458","72","5.8","","","2.6","0.1","2.4","14.1","19.2","2.8","36.0"
"2006","Astros","13218.0","-3","4","3","7","38","56","2384","1997",".838","400","","","","","-2.3","4.5","25.9","8.8","37.0","4.8","35.0"
"2006","Twins","12954.0","-1","-5","1","8","3","15","2456","2019",".822","329","","","","","1.9","-6.3","32.6","2.5","30.8","4.0","34.8"
"2012","Reds","13077.0","3","-3","4","8","22","41","2171","1819",".838","439","67","5.9","","34","2.6","-3.3","11.9","5.6","16.8","2.4","34.7"
"2010","Twins","13074.0","3","-2","4","6","-23","-1","2398","2042",".852","386","47","-0.3","","10","1.9","-4.6","16.4","14.4","28.1","3.6","33.8"
"2002","Giants","12936.0","0","0","0","0","0","0","0","0","","0","","","","","-3.3","4.2","29.3","3.6","33.8","4.2","33.8"
"2008","Mets","13179.0","-1","-5","-1","5","28","33","2241","1866",".833","449","47","-3.3","","","1.9","1.8","26.6","1.5","31.8","4.9","33.5"
"2002","Angels","13071.0","0","0","0","0","0","0","0","0","","0","","","","","0.5","-1.7","28.9","5.9","33.4","4.4","33.4"
"2008","Cubs","13056.0","-3","-3","0","-10","-4","-19","2112","1761",".834","427","65","3.7","","","2.2","2.1","29.8","-3.7","30.3","5.1","33.0"
"2003","White Sox","12879.0","2","2","-5","0","24","27","2602","1955",".751","352","","","","","-2.8","3.7","23.1","2.0","26.0","3.3","33.0"
"2009","Tigers","13023.0","5","1","9","9","3","25","2246","1890",".842","471","63","0.1","","41","5.9","-0.2","18.3","2.6","26.5","4.6","32.6"
"2005","Indians","13074.0","-1","12","-10","-2","40","33","2718","2098",".772","338","","","","","-11.8","5.3","46.9","-4.5","35.9","3.1","31.9"
"2009","Phillies","13101.0","-1","1","12","10","-20","7","2274","1917",".843","369","51","3.8","","47","13.5","-1.0","5.0","9.4","26.9","5.9","31.7"
"2005","Tigers","12921.0","10","1","-6","5","20","39","2771","2070",".747","430","","","","","-7.5","0.5","13.6","4.9","11.5","0.2","31.5"
"2013","Reds","13263.0","0","-6","-1","1","38","32","2140","1822",".851","477","53","1.8","","18","2.0","-3.2","28.0","2.9","29.7","4.3","31.5"
"2009","Rangers","12912.0","4","6","-9","1","20","19","2315","1967",".850","445","51","-0.7","","20","-6.0","4.0","28.4","0.5","26.9","2.8","31.2"
"2006","Giants","12867.0","-3","-3","-14","15","30","32","2424","2053",".847","351","","","","","-7.1","-4.0","36.3","5.8","31.1","2.2","31.1"
"2009","Pirates","12765.0","0","3","4","6","33","45","2260","1878",".831","538","62","-0.7","","2","3.3","-2.2","10.1","18.4","29.7","4.2","31.0"
"2013","Dodgers","13053.0","5","-2","-1","0","33","43","2060","1741",".845","477","59","-3.3","","8","1.1","-4.9","37.0","-10.0","23.2","3.1","30.9"
"2014","Cardinals","13038.0","0","6","-3","1","58","72","2109","1736",".823","493","59","0.0","","-7","-9.5","6.1","33.0","-1.2","28.5","3.0","30.5"
"2011","Red Sox","13116.0","0","-2","-7","-8","38","14","2169","1830",".844","489","70","-6.6","","16","-3.5","0.1","42.1","5.3","44.0","5.3","30.4"
"2007","Giants","13083.0","2","-1","-5","-7","10","2","2440","2026",".830","388","","","","","-5.6","-0.8","20.8","12.7","27.2","2.5","30.2"
"2015","Giants","12999.0","-5","5","-3","5","19","27","2229","1853",".831","514","","","","39","-5.2","3.4","31.6","7.4","37.2","4.0","30.2"
"2008","Blue Jays","13020.0","1","-3","7","5","41","54","2288","1922",".840","417","71","5.3","","","2.9","-2.3","13.3","7.9","21.8","3.4","30.1"
"2005","Blue Jays","13023.0","-3","3","12","14","23","55","2713","2076",".765","367","","","","","9.6","0.7","20.0","3.5","33.8","6.5","29.8"
"2010","Athletics","12885.0","-2","6","-8","10","56","73","2258","1913",".847","418","51","0.7","","32","-6.0","7.8","17.2","6.0","25.0","2.6","29.7"
"2008","Brewers","13101.0","6","-5","-1","1","32","44","2290","1898",".829","454","59","1.5","","","-1.0","-2.7","24.3","-4.6","15.9","1.6","29.5"
"2014","Braves","13095.0","-2","4","0","-8","8","5","2157","1738",".806","498","82","-6.2","","-6","-1.4","4.6","30.3","1.1","34.6","4.6","29.4"
"2016","Red Sox","12957.0","4","1","7","12","24","48","1993","1646",".826","521","","","","","5.8","1.9","10.2","4.4","22.2","4.3","29.2"
"2004","Cubs","13188.0","-4","-10","-1","-5","5","-18","2446","1804",".738","327","","","","","3.0","-1.5","30.9","3.6","36.1","5.6","29.1"
"2003","Indians","13134.0","2","4","-2","0","25","28","2703","2031",".751","349","","","","","0.0","3.0","24.5","-4.9","22.8","3.2","28.8"
"2005","Astros","12987.0","0","0","7","9","42","62","2513","1882",".749","402","","","","","2.1","-0.1","19.9","1.5","23.5","3.7","28.5"
"2016","Dodgers","13077.0","0","-8","-2","-8","42","29","1877","1529",".815","532","","","","","-6.7","-5.0","29.8","9.1","27.3","1.4","28.3"
"2004","Braves","13050.0","-2","-5","11","1","38","39","2685","1963",".731","424","","","","","15.9","-2.9","26.4","-6.0","33.3","6.6","27.3"
"2012","Red Sox","12987.0","-3","6","1","4","49","48","2199","1857",".845","494","64","1.8","","-17","-3.4","7.0","22.1","6.8","32.4","4.1","27.2"
"2013","Rays","13176.0","-1","0","-3","6","19","18","2138","1786",".835","495","56","-4.8","","35","-3.5","-0.6","31.0","10.8","37.7","4.9","26.8"
"2005","White Sox","13281.0","-3","5","-5","4","42","39","2635","1970",".748","427","","","","","-7.2","3.4","33.5","3.3","33.1","3.2","26.1"
"2012","Cubs","12723.0","-3","0","-10","-9","20","-9","2148","1773",".825","466","70","3.5","","-9","-5.9","-1.9","36.6","1.6","30.5","3.0","26.0"
"2010","Rays","13083.0","-4","-3","3","6","10","15","2226","1857",".834","487","55","-3.6","","56","4.6","-4.1","32.3","0.8","33.5","5.5","26.0"
"2016","Marlins","12915.0","0","-4","7","3","19","14","1984","1640",".827","476","","","","","4.0","-1.1","5.9","14.0","22.9","3.4","25.9"
"2002","Braves","13206.0","0","0","0","0","0","0","0","0","","0","","","","","0.5","-0.7","26.6","-1.1","25.4","3.4","25.4"
"2002","Mariners","13008.0","0","0","0","0","0","0","0","0","","0","","","","","-10.5","-1.8","31.5","5.9","25.0","1.1","25.0"
"2005","Giants","12999.0","4","-4","-8","0","-3","-8","2709","2037",".752","372","","","","","-11.4","-7.9","32.9","1.1","14.7","-1.0","24.7"
"2005","Cubs","12960.0","3","-3","-6","-2","17","8","2478","1855",".749","357","","","","","-5.0","0.5","27.1","-3.1","19.5","1.8","24.5"
"2013","Braves","13053.0","1","3","-7","-10","48","43","2192","1843",".841","468","53","0.4","","-13","-5.8","2.0","14.0","6.2","16.4","1.0","23.8"
"2014","Angels","13344.0","-2","3","-4","5","-17","-20","2219","1845",".832","431","74","-4.3","","15","-5.3","5.1","13.8","12.4","26.0","3.0","23.6"
"2003","Twins","13155.0","-2","-3","-1","0","-9","-5","2607","1929",".740","337","","","","","-2.3","-7.7","23.0","10.1","23.2","1.3","23.2"
"2015","Indians","12894.0","2","-1","0","2","15","17","2005","1680",".838","495","","","","-7","0.1","0.7","16.7","3.6","21.0","3.1","23.0"
"2005","Athletics","13053.0","-4","4","3","3","37","37","2679","2035",".760","323","","","","","-2.6","-2.8","36.7","2.7","34.0","3.9","23.0"
"2005","Cardinals","13011.0","10","10","3","10","33","81","2767","2086",".754","379","","","","","8.3","7.4","-14.7","3.6","4.5","2.7","22.5"
"2015","Rays","13080.0","2","-2","8","6","8","4","2016","1633",".810","609","","","","17","10.7","-1.3","22.6","-9.6","22.4","5.5","22.4"
"2011","Yankees","13125.0","0","0","6","6","-9","3","2209","1834",".830","512","76","-0.5","","16","7.3","1.2","16.9","-1.5","23.8","4.6","22.4"
"2006","Cubs","12951.0","-4","-6","-7","-7","13","-16","2223","1862",".838","337","","","","","-11.3","-1.9","47.2","-2.8","31.2","2.1","22.2"
"2006","Mets","13152.0","1","-3","3","4","35","32","2368","1984",".838","326","","","","","-1.1","-1.9","19.8","7.5","24.2","2.8","22.2"
"2004","Rangers","12957.0","-1","-3","-9","-3","-22","-26","2700","2009",".744","321","","","","","-1.1","-2.2","26.8","-6.4","17.2","1.9","22.2"
"2007","Red Sox","12948.0","-2","2","-8","13","6","2","2418","1995",".825","328","","","","","-6.4","-0.1","32.8","2.9","29.1","2.4","22.1"
"2013","Yankees","13026.0","2","-4","2","5","20","23","2170","1765",".813","561","73","2.0","","1","3.6","-5.4","7.9","6.4","12.5","2.0","21.4"
"2007","Twins","12930.0","-2","0","2","9","10","27","2453","2004",".817","358","","","","","-4.2","-3.9","26.1","-0.7","17.3","1.2","21.3"
"2004","Cardinals","13083.0","3","-3","10","4","37","51","2567","1911",".744","397","","","","","7.3","-4.5","9.2","4.1","16.0","3.1","21.0"
"2015","Rangers","12984.0","-2","-2","5","2","-2","5","2326","1896",".815","526","","","","12","11.8","0.9","20.7","-10.7","22.8","4.8","20.8"
"2003","Padres","12882.0","-8","-4","12","0","-15","-16","2474","1862",".753","336","","","","","8.5","-2.2","28.6","-1.4","33.5","5.6","20.5"
"2002","Orioles","13056.0","0","0","0","0","0","0","0","0","","0","","","","","0.3","-1.3","4.4","16.9","20.3","2.6","20.3"
"2008","Giants","12978.0","3","-4","-4","-9","-19","-33","2202","1854",".842","398","62","-5.2","","","0.9","-3.9","35.1","-8.9","23.3","2.9","20.1"
"2011","Padres","13044.0","-2","-4","-3","8","36","37","2093","1774",".848","479","61","1.0","","-7","-4.1","-4.8","25.2","5.7","22.0","1.8","20.0"
"2004","Angels","13089.0","5","-6","7","7","-35","-16","2568","1889",".736","351","","","","","10.1","-4.7","5.7","0.8","11.9","2.9","19.9"
"2015","Diamondbacks","13200.0","-3","4","-2","8","69","69","2185","1798",".823","594","","","","12","-4.8","0.9","25.1","2.5","23.8","2.3","19.8"
"2016","Blue Jays","13134.0","-6","-1","0","-4","42","28","2087","1719",".824","514","","","","","-5.2","0.8","29.7","2.3","27.6","2.5","19.6"
"2012","Rays","13137.0","4","5","0","-3","21","28","2107","1736",".824","458","57","-3.3","","-10","1.2","4.8","24.8","-13.2","17.7","3.4","19.4"
"2016","Phillies","12933.0","0","-1","6","-9","-20","-22","2012","1670",".830","507","","","","","-3.7","-0.6","18.0","4.4","18.1","1.3","19.1"
"2003","Cardinals","13173.0","-1","1","-3","0","-7","-7","2532","1901",".751","324","","","","","-1.6","0.5","12.4","6.8","18.0","2.0","19.0"
"2006","Orioles","12771.0","8","3","8","-7","-22","-13","2474","2063",".834","339","","","","","3.8","-0.8","-2.6","4.5","4.8","1.1","18.8"
"2008","Indians","12933.0","-1","12","9","3","2","24","2462","2036",".827","427","42","-3.3","","","5.2","4.7","5.3","4.8","20.0","3.9","18.7"
"2015","Angels","12966.0","2","-2","6","7","-17","2","2153","1784",".829","485","","","","6","9.2","-3.2","6.9","1.1","14.0","2.8","18.0"
"2012","Phillies","13062.0","4","-2","11","12","-26","4","2081","1732",".832","388","52","2.6","","11","7.9","1.8","0.2","-1.8","8.0","2.9","17.6"
"2015","Tigers","13023.0","0","9","4","1","-3","17","2217","1790",".807","541","","","","13","10.6","7.4","-4.8","-0.7","12.5","4.1","17.5"
"2015","Cubs","13152.0","2","-5","-3","0","21","10","2048","1685",".823","457","","","","4","6.8","-3.6","31.0","-10.7","23.4","4.5","17.4"
"2002","Mets","12984.0","0","0","0","0","0","0","0","0","","0","","","","","3.1","2.4","25.7","-14.1","17.1","3.1","17.1"
"2012","White Sox","13011.0","6","4","1","-9","1","9","2143","1807",".843","476","71","-2.5","","-1","-1.5","3.9","-7.7","15.5","10.3","1.3","16.8"
"2007","Angels","12915.0","-1","5","-2","-1","-12","-13","2406","1962",".816","374","","","","","2.3","1.9","17.1","-2.5","18.8","3.2","16.8"
"2007","Mets","13071.0","-1","-4","-11","-1","44","18","2327","1956",".841","393","","","","","-5.3","0.8","23.6","1.6","20.7","1.8","16.7"
"2010","Tigers","12999.0","-4","5","7","-15","13","-5","2342","1939",".828","477","67","-4.9","","10","1.9","4.0","19.9","0.4","26.3","4.0","16.3"
"2012","Giants","13059.0","3","-1","-2","-6","12","-3","2206","1821",".826","489","68","1.3","","25","-0.5","0.3","19.2","-5.0","13.9","1.8","16.3"
"2013","Red Sox","13086.0","-3","-2","6","5","14","8","2084","1731",".831","519","68","3.6","","20","-2.0","-1.8","23.0","2.3","21.6","2.6","16.2"
"2003","Cubs","13107.0","4","6","-7","0","-28","-25","2385","1771",".743","329","","","","","-9.9","8.9","9.6","-0.7","8.0","0.2","16.0"
"2012","Athletics","13230.0","3","-2","11","4","-6","12","2254","1881",".835","486","56","0.1","","4","9.7","0.2","6.7","-8.7","7.9","2.7","16.0"
"2005","Mariners","12849.0","-1","-1","-12","1","12","3","2743","2097",".765","362","","","","","-6.6","-3.0","19.6","3.0","13.0","0.4","15.0"
"2010","Mets","13077.0","-2","2","14","-4","22","40","2303","1857",".806","445","64","2.1","","4","14.6","1.5","-13.2","6.7","9.6","3.8","14.8"
"2011","Giants","13212.0","6","1","1","-8","-1","7","2045","1732",".847","501","68","2.5","","-9","0.8","0.5","1.7","2.0","5.0","0.9","14.5"
"2012","Mariners","13110.0","1","7","-1","-1","20","18","2185","1830",".838","508","55","-8.3","","12","-5.2","7.5","13.1","12.2","27.7","3.3","14.4"
"2015","Marlins","12843.0","-2","4","3","-3","37","38","2188","1817",".830","485","","","","28","-0.3","6.3","-3.1","15.3","18.2","2.9","14.2"
"2010","Nationals","12915.0","2","-7","0","-6","8","-10","2302","1895",".823","444","67","8.6","","2","-5.5","-5.6","26.7","-14.0","1.6","-1.2","14.2"
"2012","Dodgers","13047.0","0","-8","5","2","3","3","2107","1795",".852","393","59","-0.6","","-16","4.9","-6.8","9.5","1.8","9.4","1.8","13.8"
"2014","Athletics","13170.0","-4","-3","9","10","17","25","2210","1849",".837","483","65","-3.6","","7","-1.8","-2.6","37.1","-8.4","24.3","2.7","13.7"
"2015","Cardinals","13182.0","0","0","-9","-3","22","15","2148","1753",".816","500","","","","15","-3.2","0.6","9.1","4.1","10.7","0.8","13.7"
"2002","Devil Rays","12963.0","0","0","0","0","0","0","0","0","","0","","","","","4.4","1.4","15.6","-7.9","13.5","2.5","13.5"
"2010","Rangers","13098.0","-4","-1","-8","2","5","-19","2268","1894",".835","442","46","-4.9","","10","1.7","-4.7","32.8","-4.3","25.5","3.3","12.6"
"2015","Red Sox","13035.0","3","-8","7","-12","8","2","2137","1760",".824","571","","","","2","-5.1","-2.1","5.2","5.1","3.0","-0.7","12.0"
"2007","Cardinals","12921.0","4","-3","-1","8","29","48","2476","2020",".816","430","","","","","-0.6","-3.1","23.1","-17.7","1.8","0.0","11.8"
"2006","Athletics","13065.0","6","6","3","1","-21","4","2504","2068",".826","350","","","","","-4.7","-2.2","-2.2","12.8","3.6","-0.4","11.6"
"2015","Braves","12828.0","0","6","-13","-8","-6","-16","2215","1793",".810","484","","","","-17","-5.2","5.5","4.4","2.9","7.6","0.5","11.6"
"2007","Nationals","13020.0","1","3","-9","-3","-7","-14","2492","2049",".822","383","","","","","-8.3","4.0","21.1","-10.4","6.3","0.0","11.3"
"2016","Astros","13212.0","3","7","20","5","16","51","1998","1589",".795","672","","","","","20.4","-0.9","-6.7","-5.7","7.2","3.8","11.2"
"2011","Brewers","12975.0","-6","6","-8","1","18","11","2150","1789",".832","511","74","-1.0","","-62","-8.7","2.1","36.0","-11.3","18.1","1.1","11.1"
"2016","Reds","12978.0","3","-3","1","10","-29","-25","2151","1779",".827","486","","","","","-0.8","-3.7","17.1","-6.5","6.0","0.5","11.0"
"2006","Padres","13173.0","-6","-3","-9","-2","61","27","2378","2009",".845","363","","","","","-9.2","-1.4","33.1","8.4","30.9","1.8","10.9"
"2013","Pirates","13236.0","3","-4","1","4","55","60","2205","1816",".824","559","89","2.5","","24","-1.4","-5.8","21.0","-9.5","4.4","0.0","10.9"
"2014","Yankees","13077.0","0","-4","-4","-4","15","2","2105","1705",".810","547","91","4.2","","-13","-1.1","-5.2","18.1","-8.2","3.7","-0.3","10.8"
"2014","Brewers","13119.0","0","-8","-6","-1","3","-9","2253","1835",".815","499","94","8.4","","12","-6.0","-6.0","20.5","-5.2","3.4","-1.1","10.8"
"2006","Blue Jays","12855.0","-6","3","19","-1","32","39","2355","1946",".826","386","","","","","15.3","0.5","16.0","-6.2","25.5","6.7","10.5"
"2002","Pirates","12714.0","0","0","0","0","0","0","0","0","","0","","","","","7.9","8.2","-7.2","1.2","10.0","3.6","10.0"
"2003","Phillies","12993.0","-8","3","13","0","23","15","2592","1942",".749","341","","","","","5.7","5.0","5.6","11.8","28.1","5.5","9.1"
"2015","Blue Jays","12969.0","5","7","1","-4","2","16","2236","1857",".831","517","","","","21","-7.9","-1.8","10.2","0.5","1.0","-1.6","9.0"
"2009","Cubs","13008.0","6","-2","-2","-14","-8","-23","2147","1799",".838","385","71","2.0","","-27","-4.6","-3.6","8.3","-0.2","-0.2","-1.3","8.8"
"2010","Cardinals","13083.0","5","1","-2","8","18","48","2408","1958",".813","451","71","5.8","","18","-7.5","4.3","-7.0","0.1","-10.0","-2.4","8.8"
"2010","Mariners","12942.0","0","-1","-5","0","14","12","2471","2078",".841","453","47","-11.6","","4","-7.7","-0.4","30.5","-7.2","15.3","0.5","8.7"
"2015","Orioles","12912.0","0","4","15","16","-43","-7","2104","1701",".809","546","","","","18","13.1","3.4","-15.9","7.8","8.5","3.7","8.5"
"2009","Angels","13005.0","-4","7","9","15","28","51","2267","1896",".836","490","78","0.3","","19","2.4","10.9","-7.5","9.2","15.1","2.8","8.3"
"2006","Angels","13074.0","5","5","12","-4","-23","-2","2434","1983",".815","354","","","","","6.3","-1.8","6.8","-12.3","-1.0","1.1","8.0"
"2007","Blue Jays","13038.0","-7","3","7","10","69","81","2436","2048",".841","382","","","","","3.5","-3.1","21.8","2.7","24.9","3.9","7.9"
"2016","Rangers","12987.0","2","4","0","-2","0","-1","2227","1780",".799","595","","","","","3.3","5.3","5.3","-7.2","6.8","1.6","7.8"
"2012","Diamondbacks","12903.0","3","-5","5","6","13","25","2203","1829",".830","462","69","0.9","","19","6.3","-1.4","-23.9","12.8","-6.2","0.2","7.7"
"2007","Brewers","12999.0","-7","4","-3","13","-15","-8","2372","1898",".800","394","","","","","1.0","-0.4","21.0","-7.2","14.4","2.1","7.4"
"2014","Nationals","13236.0","7","7","1","6","-22","11","2216","1825",".824","431","61","2.7","","25","5.8","6.4","-16.5","-2.1","-6.3","0.8","7.4"
"2011","Dodgers","12888.0","-1","0","5","7","-5","7","2018","1700",".842","405","67","1.8","","-5","5.3","-2.1","0.8","3.6","7.6","1.8","7.3"
"2013","Mets","13290.0","-3","-1","11","-3","-12","-8","2181","1817",".833","543","57","1.4","","-35","10.3","-0.7","1.0","-0.8","9.8","2.8","7.2"
"2002","Blue Jays","12945.0","0","0","0","0","0","0","0","0","","0","","","","","4.8","1.8","1.3","-0.9","6.9","1.8","6.9"
"2004","Astros","12987.0","-3","-5","5","8","23","26","2244","1645",".733","306","","","","","4.1","1.4","11.5","-4.3","12.6","2.7","6.6"
"2005","Brewers","12942.0","-4","-5","-1","-2","-2","-11","2604","1908",".733","363","","","","","-2.2","-1.0","23.7","-14.4","6.2","0.3","6.2"
"2003","Rockies","12780.0","3","-1","17","0","-15","7","2522","1842",".730","386","","","","","14.8","1.4","-16.3","-0.7","-0.8","2.0","6.2"
"2004","Athletics","13242.0","1","2","-1","-3","-25","-16","2583","1929",".747","314","","","","","1.7","1.2","-14.8","6.1","-5.8","-0.3","6.2"
"2006","Cardinals","12867.0","3","3","-13","12","46","55","2373","1975",".832","439","","","","","-6.5","5.4","0.1","-0.1","-1.0","-0.9","6.0"
"2003","Rangers","12900.0","1","3","-12","0","79","68","2810","1991",".709","347","","","","","-4.2","0.0","-1.0","10.1","4.9","0.1","5.9"
"2004","Phillies","13164.0","-6","0","4","8","11","6","2427","1783",".735","424","","","","","1.2","3.3","3.0","10.4","17.9","3.0","5.9"
"2014","Padres","12948.0","1","-10","-9","-6","57","32","2152","1775",".825","487","94","0.9","","-30","-6.5","-8.7","25.2","-1.1","8.9","-0.8","5.8"
"2014","Mariners","13068.0","2","-1","-2","-7","7","-10","2113","1761",".833","499","95","-2.6","","16","-10.6","0.0","9.9","9.2","8.4","-1.7","5.8"
"2004","Twins","13284.0","2","3","-1","10","-22","-12","2447","1809",".739","385","","","","","-1.3","2.5","-15.9","13.4","-1.3","-0.1","5.7"
"2009","Astros","12870.0","2","4","11","12","-33","4","2276","1861",".818","438","63","2.8","","3","12.7","2.7","-28.8","9.1","-4.3","1.6","5.5"
"2015","Dodgers","13011.0","-2","-7","8","6","-9","-2","2044","1692",".828","467","","","","2","4.9","-5.6","-9.6","11.3","1.0","1.0","5.0"
"2006","Brewers","12831.0","-1","-6","-12","-2","21","-3","2219","1817",".819","418","","","","","-6.7","-2.8","22.8","-6.3","6.9","-0.6","4.9"
"2008","Angels","13062.0","-4","7","-10","16","-15","-10","2354","1947",".827","417","65","2.7","","","-0.9","3.0","3.2","3.9","9.2","1.3","4.8"
"2013","Brewers","12984.0","-1","-1","12","7","29","40","2180","1786",".819","589","74","5.5","","3","10.7","0.0","6.2","-16.8","0.0","1.8","4.5"
"2014","Rays","13173.0","-1","-4","-4","-4","-13","-27","2096","1702",".812","500","73","-3.0","","25","1.8","-4.1","12.1","-3.3","6.5","0.7","4.5"
"2005","Devil Rays","12795.0","4","-4","6","-2","-29","-19","2748","2026",".737","358","","","","","-9.5","-3.1","18.9","-11.0","-4.8","-2.4","4.2"
"2011","Royals","13062.0","4","-7","19","8","-1","22","2312","1939",".839","453","79","-0.5","","5","19.3","-5.6","-20.2","4.9","-1.6","2.3","3.9"
"2002","Reds","13083.0","0","0","0","0","0","0","0","0","","0","","","","","9.4","-2.6","-5.5","2.4","3.7","1.8","3.7"
"2013","Athletics","13068.0","-3","-7","-7","-3","-29","-55","2172","1821",".838","539","47","-5.5","","-3","-5.2","-8.4","38.4","-11.7","13.1","-0.1","3.5"
"2004","Expos","13023.0","7","1","24","6","-1","53","2294","1690",".737","305","","","","","18.2","-2.6","-28.2","2.7","-9.9","1.8","3.1"
"2006","Braves","12972.0","-3","-1","-1","5","-8","-13","2398","1980",".826","419","","","","","-1.3","-2.8","14.0","0.1","10.0","0.9","3.0"
"2003","Marlins","13008.0","-2","5","1","0","-31","-21","2582","1899",".736","329","","","","","-5.9","6.7","-7.4","11.3","4.8","0.2","2.8"
"2003","Braves","13107.0","-1","-2","2","0","50","43","2662","1993",".749","427","","","","","5.2","0.4","13.2","-11.1","7.6","1.9","2.6"
"2015","Mets","13164.0","-2","-2","1","4","-4","-5","2172","1774",".817","513","","","","-42","3.6","-4.9","8.1","-0.6","6.3","1.0","2.3"
"2004","Brewers","12978.0","-4","-5","-7","-13","10","-20","2441","1761",".721","377","","","","","-13.7","-1.3","33.0","-13.4","4.6","-1.9","1.6"
"2002","Rockies","12840.0","0","0","0","0","0","0","0","0","","0","","","","","4.3","-1.3","5.8","-7.6","1.2","0.7","1.2"
"2014","Mets","13173.0","-3","-4","2","-7","28","14","2197","1800",".819","494","73","-2.5","","-28","1.1","1.2","2.1","2.8","7.3","1.3","0.9"
"2007","Diamondbacks","12969.0","-1","4","-3","5","20","36","2409","1964",".815","386","","","","","-3.0","1.7","-3.1","1.3","-3.2","-0.9","0.8"
"2012","Rangers","12978.0","-7","3","1","-4","8","-5","2126","1742",".819","495","62","-2.2","","33","-3.1","3.1","16.0","-2.3","13.7","1.4","0.5"
"2010","Yankees","12981.0","-11","2","6","-4","57","38","2277","1881",".826","430","62","-5.0","","13","2.2","2.0","-0.1","21.0","25.1","4.0","0.0"
"2010","Phillies","13107.0","1","8","2","11","-18","6","2309","1910",".827","371","50","5.5","","20","2.6","6.8","-25.0","9.2","-6.5","0.6","0.0"
"2009","Brewers","12915.0","-2","0","-12","-3","7","-18","2375","2014",".848","377","75","2.5","","10","-8.8","1.1","13.8","-6.9","-0.8","-1.5","-0.4"
"2011","Mariners","12897.0","-2","3","-6","7","9","5","2257","1891",".838","459","58","-6.6","","5","2.1","4.3","3.2","-0.4","9.1","2.0","-0.5"
"2009","Dodgers","13260.0","1","1","-6","1","7","14","2171","1816",".837","406","61","-5.4","","31","-6.4","2.1","-1.0","5.0","-0.3","-1.1","-0.7"
"2002","Diamondbacks","13020.0","0","0","0","0","0","0","0","0","","0","","","","","-5.2","-4.8","7.2","2.0","-0.7","-1.9","-0.7"
"2016","Nationals","13137.0","0","2","3","2","-20","-15","1917","1571",".820","521","","","","","5.7","1.0","-14.9","6.3","-1.9","1.0","-0.9"
"2016","Yankees","12855.0","-4","-7","3","-1","14","1","2012","1620",".805","532","","","","","6.0","-5.3","3.2","1.1","5.0","1.3","-1.0"
"2007","Rockies","13248.0","0","8","-3","1","28","34","2535","2120",".836","376","","","","","0.9","5.5","-22.2","18.8","2.9","1.0","-1.1"
"2002","Brewers","12891.0","0","0","0","0","0","0","0","0","","0","","","","","-0.7","-5.0","-0.9","5.5","-1.1","-0.7","-1.1"
"2012","Cardinals","13164.0","7","1","0","5","-14","13","2259","1838",".814","490","67","2.1","","8","-5.1","-0.1","-6.3","-6.9","-18.3","-3.3","-1.2"
"2014","Giants","13041.0","-1","9","-2","1","-8","-2","2186","1831",".838","494","60","-2.3","","32","-1.8","5.9","2.8","-4.0","2.9","0.5","-1.4"
"2012","Brewers","13083.0","-3","-4","-3","5","6","2","2082","1709",".821","486","93","6.8","","0","-4.4","-6.7","5.8","0.9","-4.4","-2.2","-1.6"
"2009","Diamondbacks","13029.0","-3","-2","-11","-20","20","-12","2263","1879",".830","488","68","-5.1","","-4","-1.2","-0.6","16.9","-9.6","5.4","0.4","-1.7"
"2006","Devil Rays","12783.0","-6","4","2","-9","-28","-35","2524","2015",".798","389","","","","","-0.2","-3.5","17.4","-12.5","1.2","-0.3","-1.8"
"2010","Blue Jays","12966.0","0","3","1","-4","9","7","2251","1857",".825","451","61","-4.7","","-3","3.9","3.1","-9.6","1.7","-0.9","0.7","-2.6"
"2008","Orioles","12798.0","-2","-3","16","2","-32","-22","2537","2078",".819","403","66","-4.5","","","12.2","-5.1","0.4","3.5","10.9","2.8","-2.6"
"2011","Nationals","13044.0","4","0","19","4","-19","8","2333","1935",".829","488","68","2.1","","27","13.2","0.0","-23.7","-1.4","-11.8","0.6","-2.7"
"2012","Nationals","13215.0","-3","3","1","-2","-10","-15","2193","1832",".835","459","86","1.0","","23","3.3","1.0","-2.1","3.8","6.1","1.5","-3.0"
"2007","Orioles","12948.0","-3","-3","3","3","-13","-12","2538","2078",".819","356","","","","","-1.2","-6.3","0.1","9.1","1.7","-0.5","-3.3"
"2009","Athletics","13026.0","1","-2","3","9","-48","-34","2331","1923",".825","461","61","3.7","","-1","-0.3","-3.8","1.8","-6.9","-9.1","-1.5","-3.4"
"2011","Cubs","12909.0","0","-7","9","-6","-32","-36","2160","1763",".816","417","72","3.1","","-25","2.6","-4.7","5.9","-11.4","-7.7","-1.2","-3.6"
"2012","Royals","13062.0","6","3","14","11","-25","10","2234","1827",".818","442","68","0.9","","16","16.6","2.4","-31.8","-2.8","-15.5","0.4","-3.6"
"2002","Astros","13005.0","0","0","0","0","0","0","0","0","","0","","","","","7.8","1.1","-21.8","9.2","-3.7","0.8","-3.7"
"2013","Nationals","13011.0","-4","4","-6","11","-25","-19","2127","1779",".836","465","62","5.6","","12","0.6","5.6","2.7","-10.2","-1.4","0.6","-3.8"
"2006","Rangers","12882.0","5","5","11","9","-22","12","2539","2079",".819","368","","","","","5.1","-3.1","-21.9","8.0","-11.9","-1.0","-3.9"
"2013","Padres","13095.0","6","-3","-7","2","21","6","2199","1829",".832","521","69","4.8","","-24","-6.9","-3.8","-14.2","11.7","-13.2","-3.4","-4.4"
"2014","Cubs","13170.0","2","1","-10","-8","-1","-25","2219","1829",".824","426","97","1.9","","-16","-5.1","2.5","3.9","-6.8","-5.5","-1.3","-4.6"
"2004","Indians","13200.0","-4","0","-7","4","3","-12","2663","1932",".726","338","","","","","-2.0","2.1","5.5","-3.4","2.2","0.2","-4.8"
"2009","Cardinals","12966.0","5","1","2","12","5","34","2388","1970",".825","448","66","5.4","","17","3.5","4.8","-27.6","-1.9","-21.2","-1.8","-4.9"
"2013","Rockies","12924.0","-3","2","-12","0","3","-6","2279","1907",".837","494","64","-1.4","","28","-0.1","2.5","-15.0","10.1","-2.5","-0.1","-4.9"
"2014","Diamondbacks","12999.0","-3","1","8","-1","15","18","2152","1764",".820","484","70","1.3","","22","9.6","1.5","-20.0","4.4","-4.4","1.0","-5.1"
"2006","Rockies","13026.0","4","10","10","5","-5","23","2501","2059",".823","390","","","","","14.8","8.8","-44.1","10.2","-10.3","1.8","-5.3"
"2011","Rockies","13029.0","6","2","-7","-6","31","29","2223","1858",".836","458","64","-6.0","","25","-3.0","4.2","-18.9","9.9","-7.8","-1.3","-5.8"
"2006","Reds","13011.0","2","-5","9","-9","-48","-47","2435","1978",".812","344","","","","","8.2","1.1","-7.5","-14.6","-12.8","-0.2","-5.8"
"2009","Padres","13056.0","2","0","-19","0","13","-6","2270","1853",".816","456","65","0.4","","-4","-10.0","0.6","1.3","-0.5","-8.6","-2.8","-6.1"
"2002","Phillies","13047.0","0","0","0","0","0","0","0","0","","0","","","","","-3.1","-6.6","-8.8","12.1","-6.3","-1.9","-6.3"
"2002","Rangers","12957.0","0","0","0","0","0","0","0","0","","0","","","","","-2.9","-3.5","-4.4","4.0","-6.8","-1.6","-6.8"
"2016","White Sox","13020.0","-2","0","17","4","-25","-11","2142","1726",".806","542","","","","","14.7","2.8","-19.9","3.5","1.0","3.1","-7.0"
"2008","Nationals","12906.0","-1","-1","-13","-19","31","-7","2329","1923",".826","456","61","-1.6","","","-9.1","-0.5","24.2","-13.1","1.5","-1.3","-7.1"
"2015","Twins","12987.0","-3","-7","15","6","-17","-9","2340","1932",".826","472","","","","-16","19.4","-1.6","-24.1","6.1","-0.2","3.0","-7.2"
"2010","Orioles","12927.0","2","0","14","-3","-32","-19","2453","2008",".819","423","62","4.3","","27","9.2","0.5","-22.3","-2.0","-14.6","-0.3","-7.2"
"2003","Pirates","12999.0","-4","0","-15","0","2","0","2576","1915",".743","336","","","","","-8.9","2.8","4.6","-3.9","-5.3","-1.7","-7.3"
"2012","Twins","12948.0","-4","6","-5","0","38","29","2416","2006",".830","495","61","-3.1","","-15","-5.0","5.2","7.0","-6.4","0.8","-0.2","-7.4"
"2015","Astros","12969.0","-3","1","9","4","27","30","1988","1617",".813","651","","","","-12","0.6","-1.8","7.0","-8.4","-2.6","-0.6","-7.6"
"2014","Rangers","12837.0","1","3","5","-8","-39","-39","2215","1791",".809","502","70","-2.6","","15","5.2","3.6","-11.4","-4.3","-6.9","0.2","-7.6"
"2011","Twins","12795.0","2","-2","-3","-4","-44","-48","2385","1971",".826","472","55","-1.9","","-30","-1.6","-2.1","-3.5","-5.6","-12.8","-2.0","-7.7"
"2008","Marlins","12918.0","-4","-3","1","-1","12","-10","2272","1882",".828","392","58","-2.0","","","-3.2","-0.3","15.9","-8.2","4.2","0.0","-7.8"
"2005","Rockies","12768.0","0","-5","-7","0","-13","-31","2705","1970",".728","420","","","","","-1.3","-5.1","0.9","-0.6","-6.0","-1.3","-8.0"
"2004","Orioles","13098.0","2","0","-10","-8","-31","-43","2702","1968",".728","404","","","","","-4.3","2.2","-10.0","1.1","-11.0","-2.0","-8.0"
"2014","Dodgers","13182.0","2","5","9","-8","17","25","2194","1820",".830","391","72","-4.0","","-3","6.3","2.3","-10.2","-6.7","-8.3","0.3","-8.3"
"2014","Marlins","13119.0","-2","-3","2","-2","4","-5","2378","1908",".802","503","84","2.0","","-11","7.7","-2.3","-17.3","8.6","-3.4","0.6","-8.4"
"2016","Mets","13023.0","-2","-2","3","7","-19","-21","2049","1625",".793","492","","","","","3.7","3.3","-12.6","6.2","0.5","1.1","-8.5"
"2009","Yankees","13050.0","-1","-8","-1","-10","3","-22","2178","1851",".850","389","63","-3.7","","-7","-11.7","-4.9","10.1","1.7","-4.7","-3.3","-8.5"
"2005","Pirates","12924.0","-1","10","-11","3","19","23","2724","2024",".743","332","","","","","-16.8","8.0","0.7","-2.7","-10.8","-3.7","-8.8"
"2014","Blue Jays","12987.0","-3","1","11","5","-37","-25","2255","1847",".819","489","91","4.9","","-35","8.3","-1.3","-14.1","0.4","-6.8","0.3","-8.8"
"2012","Blue Jays","12993.0","0","-4","16","5","37","62","2238","1864",".833","464","82","1.5","","-10","10.1","-4.7","-26.4","3.6","-17.3","-1.2","-8.8"
"2015","Nationals","12912.0","1","1","1","-4","-15","-12","2069","1667",".806","469","","","","-14","-8.5","0.0","-8.8","2.3","-15.0","-3.4","-9.0"
"2012","Yankees","13008.0","0","0","-10","5","-6","-19","2103","1716",".816","496","69","-1.5","","-16","-7.7","-0.5","-8.0","8.7","-7.5","-2.6","-9.0"
"2007","Rangers","12870.0","3","1","1","-14","1","-4","2496","2032",".814","412","","","","","0.0","-3.4","-3.2","-7.7","-14.3","-2.1","-9.3"
"2007","Indians","13164.0","4","-1","-6","-5","10","6","2583","2084",".807","350","","","","","-2.6","-3.9","-14.1","2.3","-18.3","-3.2","-9.3"
"2003","Expos","12939.0","3","-1","17","0","-20","7","2275","1691",".743","292","","","","","18.0","-4.3","-35.5","2.3","-19.4","0.2","-9.4"
"2004","Reds","12993.0","4","-9","18","0","-11","0","2540","1839",".724","338","","","","","7.0","-3.4","-16.4","-1.7","-14.6","-1.2","-9.6"
"2002","Cubs","12972.0","0","0","0","0","0","0","0","0","","0","","","","","-10.8","4.1","2.3","-5.1","-9.6","-2.8","-9.6"
"2010","Brewers","12951.0","-4","3","-2","4","4","-1","2217","1823",".822","395","91","4.7","","-21","-6.3","2.1","-3.8","1.6","-6.3","-1.5","-9.7"
"2009","Braves","13164.0","5","2","-3","-13","6","0","2213","1828",".826","471","62","3.0","","-20","2.5","3.2","-28.0","2.5","-19.8","-1.9","-9.8"
"2010","Astros","12954.0","5","-1","-9","-6","-24","-32","2207","1826",".827","439","69","0.4","","-4","-5.9","-3.6","-2.6","-2.2","-14.3","-3.2","-9.9"
"2010","Cubs","12930.0","-6","-2","-1","-15","-10","-45","2191","1783",".814","425","69","5.3","","-18","2.0","-0.7","14.9","-22.1","-5.8","-0.5","-10.5"
"2005","Orioles","12849.0","-4","2","-4","4","16","5","2681","2028",".756","357","","","","","-4.2","0.1","7.8","-2.2","1.4","-0.6","-10.6"
"2016","Rays","12837.0","-2","1","1","1","4","4","1956","1517",".776","596","","","","","-3.4","-1.1","6.9","-8.8","-6.4","-1.6","-11.4"
"2014","Rockies","12879.0","-3","0","-8","-5","33","12","2383","1949",".818","479","91","-3.7","","11","-10.3","-2.5","-4.7","16.7","-0.8","-1.9","-11.5"
"2006","Phillies","13143.0","-2","6","5","2","-8","-4","2376","1944",".818","352","","","","","1.5","2.5","-13.4","2.9","-6.6","-0.3","-11.6"
"2010","Angels","13044.0","-3","-4","3","2","-8","-14","2317","1920",".829","458","81","-3.7","","-27","11.9","-2.6","-3.1","-7.1","-0.9","1.6","-11.6"
"2011","Phillies","13293.0","-5","0","-3","-3","-30","-48","2175","1836",".844","402","47","2.8","","27","-1.3","-4.5","-10.4","11.3","-4.9","-1.4","-12.1"
"2004","Giants","13113.0","-4","-10","-21","-7","-7","-48","2665","1947",".731","398","","","","","-10.2","-5.9","6.2","0.8","-9.1","-3.3","-12.1"
"2005","Dodgers","12846.0","-5","-5","5","0","20","12","2659","2024",".761","357","","","","","6.2","-1.3","0.0","-5.0","-0.2","1.1","-12.2"
"2002","White Sox","12807.0","0","0","0","0","0","0","0","0","","0","","","","","-10.9","-0.2","4.4","-5.5","-12.2","-3.7","-12.2"
"2009","Red Sox","12930.0","-10","3","-9","7","-32","-56","2232","1868",".837","395","71","5.6","","-3","-4.5","3.3","-0.4","7.8","6.2","0.6","-12.3"
"2008","Twins","13131.0","-3","5","4","0","-35","-25","2541","2083",".820","385","41","-1.5","","","-4.7","1.7","-4.8","-6.1","-13.9","-2.4","-12.4"
"2016","Orioles","12888.0","0","9","-12","10","-34","-25","2074","1705",".822","525","","","","","-10.7","5.4","-20.7","13.3","-12.6","-3.2","-12.6"
"2016","Tigers","12852.0","5","4","-18","1","-51","-56","2158","1749",".811","451","","","","","-14.5","2.0","-25.8","17.5","-20.8","-4.9","-12.8"
"2006","Marlins","12900.0","5","3","2","-15","-16","-13","2324","1879",".809","372","","","","","-2.6","1.1","-17.2","-8.2","-26.9","-4.0","-12.9"
"2011","Tigers","12960.0","-3","5","3","2","3","10","2283","1904",".834","488","57","-6.2","","-6","3.3","3.6","-15.1","3.4","-4.8","0.2","-13.0"
"2002","Red Sox","13014.0","0","0","0","0","0","0","0","0","","0","","","","","-14.5","-1.2","2.1","0.6","-13.0","-4.7","-13.0"
"2003","Orioles","13047.0","-4","2","-4","0","5","-12","2755","2030",".737","336","","","","","-4.0","2.8","-0.8","0.7","-1.2","-0.7","-13.2"
"2011","White Sox","13140.0","-2","3","-12","-4","9","-12","2246","1879",".837","437","62","-1.6","","-19","-12.0","2.9","-8.0","11.1","-6.0","-2.6","-13.5"
"2014","Phillies","13215.0","4","-5","1","-9","-28","-34","2306","1916",".831","459","86","4.8","","-23","-7.0","-8.2","-13.2","6.9","-21.6","-4.7","-13.7"
"2011","Astros","12915.0","-2","-3","7","18","-5","12","2208","1828",".828","450","72","6.0","","-26","1.0","1.3","-11.7","-3.0","-12.4","-1.4","-14.3"
"2008","Royals","13011.0","-4","8","-13","-3","-47","-63","2451","2033",".830","332","69","-0.6","","","-10.4","-0.1","1.1","-0.9","-10.4","-3.2","-14.9"
"2003","Reds","13017.0","-1","-3","2","0","7","-4","2592","1933",".746","344","","","","","5.2","-3.2","-2.9","-10.7","-11.6","-0.9","-15.6"
"2015","Yankees","13119.0","0","-1","-8","-4","-23","-38","2156","1732",".803","525","","","","11","-12.4","0.4","-6.7","-1.2","-19.9","-4.9","-15.9"
"2013","Angels","13119.0","-5","-2","-9","-15","-34","-72","2290","1865",".814","469","70","-1.2","","-1","-8.7","-2.7","14.1","-5.6","-2.9","-2.1","-16.1"
"2010","Marlins","12945.0","0","-3","10","7","-52","-39","2284","1845",".808","439","64","1.5","","-15","9.2","-3.6","-13.9","-9.6","-17.9","-1.5","-16.4"
"2004","Marlins","12951.0","-3","2","-8","8","17","9","2378","1779",".748","349","","","","","-14.6","6.0","-11.6","12.8","-7.5","-3.2","-16.5"
"2012","Orioles","13347.0","4","0","-1","-6","-12","-5","2266","1872",".826","507","58","2.8","","16","-4.4","-0.1","-17.3","-7.1","-28.8","-4.7","-17.1"
"2004","Padres","12969.0","1","1","-5","3","-12","-17","2522","1850",".734","368","","","","","-4.0","4.8","-13.2","-5.8","-18.2","-2.5","-17.2"
"2008","Mariners","12918.0","-5","3","11","10","-6","16","2400","1976",".823","447","61","-2.5","","","8.3","4.0","-27.6","2.5","-12.9","-0.1","-17.4"
"2003","Mets","12720.0","-1","-1","2","0","-44","-41","2622","1933",".737","385","","","","","1.8","-0.7","-16.7","-7.0","-22.5","-2.7","-17.5"
"2015","Reds","13080.0","-4","-2","-1","0","8","-6","2201","1818",".826","494","","","","18","2.0","-1.5","-10.0","0.6","-9.0","-0.9","-18.0"
"2012","Padres","12912.0","1","-8","-9","1","-18","-35","2137","1796",".840","470","85","3.5","","-7","-2.3","-8.6","-2.2","-3.5","-16.6","-3.9","-18.0"
"2011","Braves","13317.0","0","-2","-8","-8","21","1","2163","1814",".839","476","94","5.5","","7","-3.7","0.5","-21.8","5.9","-19.2","-3.2","-18.7"
"2008","Braves","12966.0","1","-7","2","-5","26","22","2321","1927",".830","462","58","1.8","","","0.1","-6.7","-14.0","1.1","-19.4","-3.1","-18.7"
"2007","Athletics","13032.0","-1","5","-8","-13","14","7","2499","2091",".837","373","","","","","-16.9","-1.5","-1.5","4.1","-15.8","-5.3","-18.8"
"2012","Pirates","12900.0","-12","-1","-14","-10","24","-30","2220","1860",".838","492","76","4.6","","-21","-13.2","-1.1","19.2","-4.6","0.4","-2.6","-19.0"
"2011","Marlins","13137.0","-3","-1","6","-11","-42","-60","2222","1835",".826","460","59","0.9","","-1","1.8","0.0","-12.9","-2.9","-14.0","-1.5","-19.2"
"2005","Red Sox","12861.0","-7","1","8","-4","-28","-35","2763","2037",".737","404","","","","","1.0","0.8","-14.0","0.5","-11.8","-1.3","-19.8"
"2002","Royals","12969.0","0","0","0","0","0","0","0","0","","0","","","","","3.2","1.7","-21.2","-3.4","-19.8","-1.8","-19.8"
"2010","Braves","12954.0","5","4","-6","-2","20","17","2212","1809",".818","461","76","8.3","","-19","-4.5","2.6","-25.1","-6.2","-33.2","-5.1","-20.0"
"2016","Rockies","12864.0","1","-1","-3","-6","25","11","2123","1653",".779","643","","","","","2.4","-3.7","-18.1","0.9","-18.4","-2.8","-20.4"
"2007","Pirates","13029.0","-2","8","1","4","-38","-24","2502","2022",".808","366","","","","","1.2","3.4","-33.6","11.0","-18.0","-1.9","-21.0"
"2015","Brewers","12915.0","3","-3","-7","-15","9","-14","2174","1782",".820","463","","","","-5","-12.4","-3.7","-3.7","-4.5","-24.4","-5.6","-21.4"
"2011","Athletics","13029.0","2","2","-5","7","-35","-35","2175","1790",".823","490","63","0.4","","-14","-6.8","3.2","-6.3","-12.9","-22.8","-4.2","-21.5"
"2002","Padres","12927.0","0","0","0","0","0","0","0","0","","0","","","","","5.0","0.2","-19.5","-7.2","-21.5","-2.0","-21.5"
"2006","White Sox","13041.0","-2","2","-7","-11","-17","-36","2510","2053",".818","355","","","","","-14.3","-2.0","-4.9","5.4","-15.9","-4.9","-21.9"
"2010","Rockies","12978.0","9","4","-12","-2","18","29","2266","1864",".823","387","71","-5.4","","22","-8.1","5.5","-28.5","0.5","-30.6","-5.2","-22.0"
"2009","Rockies","12945.0","-3","2","-6","6","16","12","2242","1868",".833","436","67","3.8","","39","-5.7","2.3","-25.9","10.4","-18.8","-3.1","-22.0"
"2011","Pirates","13044.0","-1","-5","-9","-7","-6","-32","2294","1920",".837","496","62","-4.0","","-16","-6.2","-6.2","-6.3","0.5","-18.2","-3.5","-23.2"
"2005","Padres","13098.0","-1","0","-13","-7","-21","-47","2648","1910",".721","418","","","","","-5.6","0.3","-9.1","-1.0","-15.4","-2.9","-23.4"
"2015","Mariners","13167.0","2","-4","-11","-3","-45","-60","2253","1831",".813","475","","","","-9","-9.2","-0.3","-29.9","9.7","-29.6","-5.3","-23.6"
"2008","Pirates","13095.0","4","1","-7","6","-15","-13","2481","2049",".826","442","61","-3.1","","","-5.1","-2.5","-18.1","1.1","-24.6","-3.9","-23.7"
"2006","Nationals","12927.0","-5","-13","8","-2","-29","-50","2455","1996",".813","381","","","","","6.1","-6.8","1.2","-15.6","-15.1","-2.0","-24.1"
"2009","Orioles","12861.0","-7","1","16","21","-40","-9","2458","2038",".829","440","66","7.7","","4","15.4","0.1","-43.0","4.5","-23.0","-0.4","-24.3"
"2011","Cardinals","13158.0","-1","1","-7","4","-3","-11","2389","1977",".828","473","80","5.0","","-19","-8.0","3.2","-18.2","-11.6","-34.7","-5.7","-24.6"
"2012","Marlins","12966.0","-3","3","-7","-10","-32","-51","2305","1903",".826","447","60","1.5","","6","-1.0","4.1","-26.0","-1.7","-24.5","-2.9","-25.0"
"2015","Rockies","12837.0","-1","5","-20","5","16","-5","2229","1800",".808","557","","","","22","-11.7","0.7","-13.9","0.3","-24.6","-5.0","-25.6"
"2006","Diamondbacks","13137.0","-1","7","-13","0","14","5","2462","2011",".817","375","","","","","-10.8","6.1","-23.1","0.2","-27.7","-5.0","-25.7"
"2004","Tigers","12957.0","1","4","-4","-9","-29","-39","2389","1741",".729","357","","","","","-8.2","4.5","-15.2","-7.8","-26.7","-4.5","-25.7"
"2009","Marlins","13017.0","-3","-5","-4","-16","-32","-69","2242","1827",".815","446","57","-2.6","","-42","-2.2","-3.2","0.3","-10.9","-16.1","-2.9","-25.7"
"2002","Athletics","13068.0","0","0","0","0","0","0","0","0","","0","","","","","-11.8","-1.9","-14.1","1.0","-26.8","-6.0","-26.8"
"2007","Astros","13182.0","-6","-9","-5","-2","-25","-40","2468","2001",".811","400","","","","","-1.7","-5.2","-11.9","-5.2","-24.1","-3.9","-27.1"
"2015","Athletics","13002.0","2","-2","-4","-17","26","16","2187","1785",".816","556","","","","-13","-9.5","1.4","-5.7","-19.4","-33.2","-5.9","-27.2"
"2007","Dodgers","13050.0","7","-1","-22","17","-17","-4","2375","1946",".819","338","","","","","-17.9","-0.9","-17.6","-3.1","-39.5","-9.0","-27.5"
"2013","Marlins","13140.0","1","1","-6","-10","11","0","2198","1857",".845","522","51","-3.7","","-5","-1.9","2.7","-42.0","12.2","-28.9","-3.8","-27.6"
"2012","Tigers","12876.0","-2","4","-10","0","-16","-30","2068","1734",".839","427","65","0.2","","-27","-11.1","2.3","-15.6","1.4","-22.9","-4.9","-27.7"
"2016","Mariners","13113.0","-3","7","-2","3","-22","-22","2054","1616",".787","648","","","","","-1.7","1.6","-17.2","-7.6","-24.9","-4.1","-27.9"
"2016","Braves","13029.0","-8","-2","9","-5","-24","-37","2147","1700",".792","626","","","","","5.2","0.9","-11.5","-7.5","-12.9","-0.6","-27.9"
"2004","Mets","13041.0","-6","-4","1","-4","-10","-23","2689","1982",".737","368","","","","","-5.9","-1.0","8.9","-23.2","-21.2","-3.8","-28.2"
"2013","White Sox","13095.0","3","4","0","-10","-49","-53","2186","1797",".822","457","57","-5.4","","-39","-0.7","6.1","-17.5","-13.2","-25.4","-2.8","-28.7"
"2007","Reds","13047.0","1","3","-1","-15","-44","-59","2469","2008",".813","345","","","","","-7.8","1.5","-26.9","2.3","-30.9","-5.2","-28.9"
"2011","Blue Jays","13128.0","-4","-2","4","-20","17","-4","2229","1888",".847","500","66","-8.4","","-17","6.2","-2.3","-16.7","-1.8","-14.5","-1.0","-28.9"
"2009","Mets","12834.0","0","-4","-2","4","10","14","2237","1867",".835","432","51","0.9","","-27","-2.9","-4.4","-20.2","-7.2","-34.7","-5.5","-29.8"
"2013","Blue Jays","13068.0","-5","3","16","3","-8","15","2182","1808",".829","478","74","-0.9","","-35","-0.8","2.1","-15.6","-10.7","-25.1","-3.1","-29.9"
"2009","White Sox","12957.0","0","0","0","0","-10","-8","2290","1908",".833","408","55","-2.1","","-45","0.2","2.0","-24.0","-8.2","-30.1","-3.7","-30.1"
"2004","Pirates","12852.0","1","5","6","8","-23","-4","2336","1712",".733","309","","","","","-3.8","7.7","-44.6","4.5","-36.2","-4.9","-30.2"
"2009","Blue Jays","13059.0","5","-4","10","5","33","46","2275","1908",".839","445","64","2.5","","16","0.5","-5.7","-48.1","12.6","-40.8","-5.7","-30.2"
"2014","Pirates","13107.0","6","3","4","-2","16","28","2246","1828",".814","491","97","1.0","","18","-2.0","-0.3","-36.3","-1.6","-40.3","-6.1","-30.2"
"2015","Pirates","13407.0","-1","4","15","-5","8","8","2163","1743",".806","555","","","","-1","7.3","3.8","-15.1","-16.9","-20.8","-1.8","-30.8"
"2002","Marlins","13107.0","0","0","0","0","0","0","0","0","","0","","","","","0.9","1.5","-32.8","-0.6","-31.0","-3.8","-31.0"
"2015","Phillies","12927.0","-1","-2","-4","-6","-77","-92","2320","1880",".810","482","","","","-51","3.4","-2.0","-24.5","-8.1","-31.1","-3.3","-31.1"
"2008","White Sox","13119.0","-5","4","-6","3","-20","-34","2352","1932",".821","382","50","-1.8","","","-1.6","2.3","-10.9","-6.3","-16.5","-2.4","-31.3"
"2015","Padres","12963.0","2","0","-10","5","-25","-28","2056","1673",".814","487","","","","-38","-9.3","0.2","-27.7","2.4","-34.4","-6.4","-31.4"
"2004","Royals","12783.0","-1","11","-5","-8","-29","-32","2452","1786",".728","287","","","","","-5.0","9.1","-26.6","-9.3","-31.9","-3.8","-31.9"
"2008","Reds","12981.0","-2","-3","4","-1","-21","-29","2223","1827",".822","410","81","5.1","","","1.0","0.6","-26.6","-7.3","-32.3","-4.1","-32.2"
"2013","Tigers","13164.0","-11","3","-5","-5","-44","-66","2135","1770",".829","452","59","-3.4","","-22","-9.8","3.1","-18.5","12.3","-12.9","-3.1","-32.3"
"2004","Diamondbacks","12924.0","2","-12","-8","-8","19","-7","2510","1829",".729","332","","","","","-9.1","-5.6","-1.9","-19.1","-35.7","-6.8","-32.7"
"2016","Cardinals","13035.0","-5","3","-10","-2","13","4","2113","1716",".812","543","","","","","-10.5","0.5","-11.5","-5.2","-26.8","-4.9","-32.8"
"2016","Padres","12960.0","-2","-1","-15","1","-25","-33","2105","1684",".800","594","","","","","-11.2","-0.4","-12.9","-2.4","-26.8","-5.3","-32.8"
"2005","Mets","12921.0","-9","4","8","1","-14","-18","2681","1993",".743","353","","","","","17.8","-0.4","-24.0","-7.7","-14.4","1.1","-33.4"
"2003","Athletics","12975.0","2","-2","-6","0","13","10","2324","1756",".756","325","","","","","-11.5","-5.1","-26.5","6.7","-36.4","-8.2","-33.4"
"2010","Dodgers","12975.0","2","-7","-12","-5","-39","-66","2197","1840",".838","372","64","0.3","","-10","-8.1","-5.8","-19.4","-2.7","-36.1","-7.2","-33.8"
"2012","Astros","12810.0","-1","-3","3","-9","-51","-72","2226","1803",".810","475","63","-8.3","","-36","3.0","-6.0","-12.8","-4.3","-20.1","-3.0","-34.4"
"2016","Diamondbacks","13062.0","3","3","-20","4","-1","-12","2195","1742",".794","534","","","","","-10.4","3.4","-33.7","0.8","-39.9","-6.1","-34.9"
"2006","Red Sox","12972.0","-7","7","-1","4","-51","-57","2520","2018",".801","357","","","","","2.2","1.7","-43.4","17.7","-21.9","-2.3","-34.9"
"2009","Twins","13077.0","-7","-2","-14","7","-38","-52","2343","1958",".836","442","52","-1.9","","-2","-11.5","-3.4","-22.0","11.6","-25.3","-5.5","-35.2"
"2010","Indians","12897.0","-1","0","16","1","-14","-3","2490","2029",".815","447","60","-0.9","","-36","11.2","0.4","-41.2","-4.2","-33.8","-2.5","-35.7"
"2009","Nationals","12819.0","0","0","0","-22","-14","-36","2368","1945",".821","508","67","-4.3","","-15","0.9","2.0","-19.1","-20.2","-36.4","-4.1","-35.7"
"2002","Indians","12822.0","0","0","0","0","0","0","0","0","","0","","","","","-8.6","-0.3","-28.9","2.0","-35.9","-6.2","-35.9"
"2013","Twins","13053.0","3","0","10","9","-29","-4","2367","1989",".840","463","51","0.3","","-15","10.8","1.7","-62.0","6.6","-42.9","-3.1","-36.7"
"2013","Cardinals","13137.0","1","5","-18","-3","-34","-35","2234","1855",".830","499","56","6.4","","-21","-22.9","4.3","-41.8","11.0","-49.4","-10.6","-37.0"
"2010","White Sox","13017.0","2","3","-13","-3","-46","-52","2384","1905",".799","427","56","-1.7","","-1","-9.6","2.8","-31.3","-3.7","-41.8","-6.9","-37.5"
"2007","Marlins","12993.0","3","2","10","-10","-74","-71","2388","1903",".797","374","","","","","6.9","5.0","-42.2","-13.8","-44.0","-4.4","-38.0"
"2011","Indians","13080.0","2","-4","5","-15","0","-9","2372","1996",".842","474","51","-0.5","","-2","-2.5","-5.8","-30.5","-3.4","-42.2","-6.2","-38.8"
"2012","Mets","12906.0","-3","-2","-4","-6","-32","-43","2086","1739",".834","438","76","-0.4","","-22","-8.1","-2.6","-24.5","0.7","-34.5","-6.6","-38.9"
"2016","Brewers","12909.0","5","-3","1","-3","11","3","2084","1674",".803","609","","","","","0.2","-2.8","-25.5","-19.9","-48.1","-7.7","-39.1"
"2010","Red Sox","13110.0","-5","0","9","-2","22","5","2285","1894",".829","414","61","-2.7","","-1","-0.9","1.6","-15.8","-3.7","-18.8","-2.5","-39.4"
"2007","Yankees","13056.0","-6","12","11","-8","-16","-16","2515","2086",".829","330","","","","","9.1","5.6","-39.6","-0.5","-25.4","-1.1","-39.4"
"2008","Yankees","12975.0","2","-1","9","8","-55","-41","2409","1968",".817","356","61","-0.2","","","4.9","-3.3","-47.6","3.5","-42.5","-5.1","-39.7"
"2007","White Sox","12966.0","-1","1","-6","-8","-56","-63","2523","2030",".805","319","","","","","-11.0","-3.5","-19.4","-4.9","-38.8","-7.0","-39.8"
"2002","Yankees","13068.0","0","0","0","0","0","0","0","0","","0","","","","","-9.8","-0.5","-16.6","-12.9","-39.9","-7.4","-39.9"
"2016","Pirates","13056.0","-1","2","10","-8","-15","-17","2140","1700",".794","568","","","","","10.0","0.5","-33.4","-10.1","-33.0","-3.7","-40.0"
"2005","Rangers","12960.0","-3","-3","2","-7","-22","-42","2798","2085",".745","388","","","","","1.8","-6.3","-34.6","3.5","-35.6","-4.8","-40.6"
"2008","Padres","13125.0","-1","-1","-10","-4","11","-15","2274","1905",".838","434","50","-0.2","","","-13.9","-1.2","-22.8","13.1","-24.8","-6.0","-41.0"
"2007","Mariners","12909.0","0","2","2","-11","-36","-46","2450","1966",".802","395","","","","","5.1","1.5","-62.1","2.4","-53.1","-6.1","-41.1"
"2013","Indians","12972.0","5","0","5","-2","-38","-38","2066","1734",".839","439","58","-4.7","","-30","8.3","-1.1","-47.1","-2.6","-42.5","-4.5","-41.1"
"2015","White Sox","13074.0","-3","6","8","2","-55","-39","2124","1702",".801","479","","","","-42","-3.3","5.9","-41.3","-0.8","-39.5","-5.2","-41.5"
"2005","Marlins","12981.0","-1","-1","1","-5","-69","-74","2587","1871",".723","326","","","","","7.8","5.1","-50.8","2.1","-35.7","-3.2","-41.7"
"2014","Tigers","13086.0","1","1","-10","2","-52","-61","2333","1882",".807","440","76","4.0","","-17","-6.4","-1.1","-44.1","3.4","-48.1","-6.9","-42.2"
"2004","Rockies","12918.0","-7","-9","-16","0","13","-22","2465","1767",".717","408","","","","","-1.9","-4.1","-50.0","19.8","-36.2","-5.1","-43.2"
"2005","Reds","12897.0","1","-5","14","0","-56","-44","2840","2051",".722","341","","","","","1.0","-3.9","-47.0","3.3","-46.6","-6.1","-43.6"
"2005","Diamondbacks","13107.0","-1","1","-15","0","1","-12","2794","2024",".724","347","","","","","-5.5","-2.2","-44.9","8.6","-44.0","-6.8","-44.0"
"2003","Royals","12948.0","2","0","4","0","-49","-47","2706","1971",".728","357","","","","","2.4","2.6","-49.3","-0.9","-45.2","-5.0","-44.2"
"2009","Indians","12906.0","-5","3","-4","-5","-6","-19","2376","1956",".823","476","49","-2.8","","-11","-9.5","2.8","-21.1","-3.8","-31.6","-5.2","-44.4"
"2003","Diamondbacks","13095.0","2","-7","-12","0","-24","-41","2372","1773",".748","331","","","","","-10.0","-6.0","-31.3","2.7","-44.5","-8.8","-44.5"
"2003","Tigers","12948.0","-1","5","-20","0","-21","-35","2795","2022",".723","380","","","","","-22.5","3.7","-5.1","-18.9","-42.9","-8.4","-44.9"
"2016","Twins","12987.0","-3","-2","-5","-2","-36","-49","2221","1776",".800","546","","","","","-5.1","0.9","-26.7","-12.8","-43.7","-5.9","-45.7"
"2014","Twins","12915.0","-9","-1","2","11","-66","-69","2414","1997",".827","428","67","0.0","","-34","2.7","-0.7","-39.2","2.7","-34.5","-3.8","-46.5"
"2006","Dodgers","13143.0","-4","-6","-5","-12","-6","-33","2540","2080",".819","344","","","","","-2.5","-3.0","-29.5","-4.9","-39.9","-5.7","-46.9"
"2011","Orioles","13020.0","5","1","2","19","-35","-5","2365","1946",".823","449","66","7.6","","7","5.4","4.1","-66.8","-2.8","-60.1","-6.4","-47.5"
"2014","White Sox","12969.0","-1","8","-3","3","-59","-52","2320","1847",".796","531","82","-5.9","","-24","-2.2","10.0","-41.6","-5.4","-39.1","-4.4","-48.0"
"2008","Dodgers","13026.0","0","-8","-2","0","-3","-12","2330","1922",".825","444","68","4.8","","","2.9","-2.6","-55.7","3.1","-52.4","-6.6","-48.6"
"2003","Red Sox","13182.0","0","-4","3","0","-11","-22","2807","2048",".730","371","","","","","0.3","-5.7","-37.9","-3.1","-46.4","-6.6","-49.4"
"2006","Pirates","12915.0","0","1","-7","-1","-50","-36","2426","1945",".802","312","","","","","-0.6","4.0","-65.5","8.4","-53.7","-6.8","-49.7"
"2007","Devil Rays","12867.0","-3","1","12","-6","-89","-82","2406","1905",".792","334","","","","","8.7","-2.3","-49.4","-5.3","-48.2","-5.5","-50.2"
"2002","Expos","13077.0","0","0","0","0","0","0","0","0","","0","","","","","15.4","-5.5","-47.3","-14.2","-51.6","-4.0","-51.6"
"2006","Indians","12810.0","-8","5","-6","6","-32","-46","2565","2058",".802","374","","","","","-1.8","0.8","-32.1","-6.2","-39.3","-5.3","-53.3"
"2002","Tigers","12726.0","0","0","0","0","0","0","0","0","","0","","","","","8.4","0.4","-48.1","-14.2","-53.5","-5.3","-53.5"
"2008","Rockies","13014.0","1","3","-12","-3","-17","-21","2433","2040",".839","364","61","-1.6","","","-8.8","2.3","-56.3","3.4","-59.4","-8.7","-55.0"
"2010","Royals","12930.0","-1","-9","-10","-20","-52","-91","2485","2023",".814","392","75","3.0","","-79","-8.6","-9.1","-25.7","-12.1","-55.5","-8.9","-55.5"
"2016","Athletics","12900.0","-5","1","-8","-10","-55","-72","2215","1770",".799","544","","","","","-7.6","-3.1","-39.7","-3.0","-53.4","-8.2","-56.4"
"2008","Rangers","12978.0","-4","5","3","-9","-47","-55","2485","2021",".813","453","51","-5.5","","","2.1","-1.6","-43.1","-3.6","-46.2","-5.7","-57.8"
"2003","Yankees","13158.0","3","-4","-9","0","-21","-36","2704","1959",".725","343","","","","","-6.6","-2.8","-44.4","-6.0","-59.8","-9.5","-57.8"
"2008","Tigers","13005.0","2","2","-8","-11","-31","-32","2399","1965",".819","421","57","-5.6","","","-8.0","-3.6","-42.4","-6.3","-60.3","-9.3","-57.9"
"2012","Indians","12978.0","-1","2","0","-9","-31","-47","2357","1977",".839","481","71","-3.8","","-11","-4.4","0.7","-41.4","-3.9","-49.0","-6.8","-59.8"
"2004","Red Sox","13062.0","-4","-7","-7","-7","9","-26","2654","1936",".730","436","","","","","-10.2","-7.2","-21.8","-7.7","-46.9","-8.8","-59.9"
"2009","Royals","12834.0","-6","-2","-4","-17","-75","-104","2298","1861",".810","423","85","-4.8","","-74","3.7","-3.9","-39.1","-12.2","-51.5","-6.6","-64.3"
"2005","Royals","12720.0","2","5","-7","-7","-110","-112","2747","1993",".726","373","","","","","0.1","1.1","-62.2","-12.5","-73.6","-9.4","-64.6"
"2014","Indians","13215.0","4","-5","4","8","-77","-66","2211","1785",".807","443","86","2.6","","-27","1.7","-2.8","-62.8","-8.6","-72.4","-9.7","-64.8"
"2003","Brewers","13068.0","2","-3","1","0","-70","-82","2518","1814",".720","335","","","","","5.7","-4.2","-55.3","-10.0","-63.9","-7.7","-64.9"
"2012","Rockies","12798.0","-1","-6","0","-24","-65","-98","2269","1846",".814","429","76","-12.7","","-15","7.4","-4.1","-49.4","-5.1","-51.2","-5.9","-64.9"
"2010","Pirates","12705.0","-6","-2","5","-9","-62","-76","2366","1855",".784","449","72","1.8","","-36","1.7","-4.3","-47.0","-8.2","-57.7","-7.7","-64.9"
"2013","Astros","12960.0","1","4","-6","4","-42","-44","2279","1864",".818","504","69","0.5","","-8","-11.0","3.0","-37.0","-16.6","-61.7","-9.8","-65.2"
"2008","Diamondbacks","12912.0","-3","0","-11","-13","4","-32","2239","1831",".818","393","50","-3.5","","","-8.0","-1.8","-36.2","-10.5","-56.5","-9.3","-66.0"
"2013","Phillies","12927.0","-3","-1","4","5","-98","-96","2209","1810",".819","449","62","4.3","","-23","-1.9","-2.1","-62.1","0.2","-65.9","-9.0","-67.6"
"2007","Padres","13362.0","-12","1","-5","0","33","-3","2444","2032",".831","376","","","","","-8.4","3.3","-44.1","8.0","-41.3","-6.7","-72.3"
"2011","Mets","13032.0","-7","-10","1","-15","-31","-58","2250","1870",".831","462","70","-1.6","","-19","-7.6","-6.9","-33.2","-14.2","-61.9","-9.8","-72.5"
"2014","Astros","12948.0","-3","2","-1","7","-10","-17","2166","1712",".790","643","82","0.0","","-25","-12.3","0.4","-30.8","-21.3","-63.9","-12.3","-74.0"
"2006","Yankees","12993.0","3","1","-8","3","-34","-39","2485","2040",".821","304","","","","","-6.5","-1.5","-62.6","-9.4","-80.1","-11.8","-75.1"
"2004","Yankees","12993.0","-4","-2","-3","-5","-54","-79","2646","1907",".721","306","","","","","-6.7","-2.4","-70.6","10.3","-69.4","-10.3","-78.4"
"2013","Mariners","13185.0","-2","-4","-15","-12","-59","-97","2315","1895",".819","470","70","-2.5","","-43","-14.4","0.2","-56.3","-2.5","-73.0","-11.6","-78.4"
"2003","Blue Jays","12915.0","-8","-1","-12","0","-12","-47","2617","1908",".729","346","","","","","-14.5","-5.9","-43.2","-1.8","-65.5","-11.8","-84.5"
"2005","Yankees","12876.0","-2","-3","-7","6","-104","-120","2841","2040",".718","328","","","","","-4.0","-4.2","-136.0","2.4","-141.7","-19.2","-147.7"
